{"providers":["Illuminate\\Foundation\\Providers\\ArtisanServiceProvider","Illuminate\\Auth\\AuthServiceProvider","Illuminate\\Cache\\CacheServiceProvider","Illuminate\\Foundation\\Providers\\CommandCreatorServiceProvider","Illuminate\\Session\\CommandsServiceProvider","Illuminate\\Foundation\\Providers\\ComposerServiceProvider","Illuminate\\Routing\\ControllerServiceProvider","Illuminate\\Cookie\\CookieServiceProvider","Illuminate\\Database\\DatabaseServiceProvider","Illuminate\\Encryption\\EncryptionServiceProvider","Illuminate\\Filesystem\\FilesystemServiceProvider","Illuminate\\Hashing\\HashServiceProvider","Illuminate\\Html\\HtmlServiceProvider","Illuminate\\Foundation\\Providers\\KeyGeneratorServiceProvider","Illuminate\\Log\\LogServiceProvider","Illuminate\\Mail\\MailServiceProvider","Illuminate\\Foundation\\Providers\\MaintenanceServiceProvider","Illuminate\\Database\\MigrationServiceProvider","Illuminate\\Foundation\\Providers\\OptimizeServiceProvider","Illuminate\\Pagination\\PaginationServiceProvider","Illuminate\\Foundation\\Providers\\PublisherServiceProvider","Illuminate\\Queue\\QueueServiceProvider","Illuminate\\Redis\\RedisServiceProvider","Illuminate\\Auth\\Reminders\\ReminderServiceProvider","Illuminate\\Foundation\\Providers\\RouteListServiceProvider","Illuminate\\Database\\SeedServiceProvider","Illuminate\\Foundation\\Providers\\ServerServiceProvider","Illuminate\\Session\\SessionServiceProvider","Illuminate\\Foundation\\Providers\\TinkerServiceProvider","Illuminate\\Translation\\TranslationServiceProvider","Illuminate\\Validation\\ValidationServiceProvider","Illuminate\\View\\ViewServiceProvider","Illuminate\\Workbench\\WorkbenchServiceProvider"],"eager":["Illuminate\\Cookie\\CookieServiceProvider","Illuminate\\Database\\DatabaseServiceProvider","Illuminate\\Encryption\\EncryptionServiceProvider","Illuminate\\Filesystem\\FilesystemServiceProvider","Illuminate\\Session\\SessionServiceProvider","Illuminate\\View\\ViewServiceProvider","Illuminate\\Workbench\\WorkbenchServiceProvider"],"deferred":{"artisan":"Illuminate\\Foundation\\Providers\\ArtisanServiceProvider","command.changes":"Illuminate\\Foundation\\Providers\\ArtisanServiceProvider","command.environment":"Illuminate\\Foundation\\Providers\\ArtisanServiceProvider","auth":"Illuminate\\Auth\\AuthServiceProvider","cache":"Illuminate\\Cache\\CacheServiceProvider","memcached.connector":"Illuminate\\Cache\\CacheServiceProvider","command.cache.clear":"Illuminate\\Cache\\CacheServiceProvider","command.command.make":"Illuminate\\Foundation\\Providers\\CommandCreatorServiceProvider","command.session.database":"Illuminate\\Session\\CommandsServiceProvider","composer":"Illuminate\\Foundation\\Providers\\ComposerServiceProvider","command.dump-autoload":"Illuminate\\Foundation\\Providers\\ComposerServiceProvider","filter.parser":"Illuminate\\Routing\\ControllerServiceProvider","command.controller.make":"Illuminate\\Routing\\ControllerServiceProvider","hash":"Illuminate\\Hashing\\HashServiceProvider","html":"Illuminate\\Html\\HtmlServiceProvider","form":"Illuminate\\Html\\HtmlServiceProvider","command.key.generate":"Illuminate\\Foundation\\Providers\\KeyGeneratorServiceProvider","log":"Illuminate\\Log\\LogServiceProvider","mailer":"Illuminate\\Mail\\MailServiceProvider","swift.mailer":"Illuminate\\Mail\\MailServiceProvider","swift.transport":"Illuminate\\Mail\\MailServiceProvider","command.up":"Illuminate\\Foundation\\Providers\\MaintenanceServiceProvider","command.down":"Illuminate\\Foundation\\Providers\\MaintenanceServiceProvider","migrator":"Illuminate\\Database\\MigrationServiceProvider","migration.repository":"Illuminate\\Database\\MigrationServiceProvider","command.migrate":"Illuminate\\Database\\MigrationServiceProvider","command.migrate.rollback":"Illuminate\\Database\\MigrationServiceProvider","command.migrate.reset":"Illuminate\\Database\\MigrationServiceProvider","command.migrate.refresh":"Illuminate\\Database\\MigrationServiceProvider","command.migrate.install":"Illuminate\\Database\\MigrationServiceProvider","migration.creator":"Illuminate\\Database\\MigrationServiceProvider","command.migrate.make":"Illuminate\\Database\\MigrationServiceProvider","command.optimize":"Illuminate\\Foundation\\Providers\\OptimizeServiceProvider","command.clear-compiled":"Illuminate\\Foundation\\Providers\\OptimizeServiceProvider","paginator":"Illuminate\\Pagination\\PaginationServiceProvider","asset.publisher":"Illuminate\\Foundation\\Providers\\PublisherServiceProvider","command.asset.publish":"Illuminate\\Foundation\\Providers\\PublisherServiceProvider","config.publisher":"Illuminate\\Foundation\\Providers\\PublisherServiceProvider","command.config.publish":"Illuminate\\Foundation\\Providers\\PublisherServiceProvider","view.publisher":"Illuminate\\Foundation\\Providers\\PublisherServiceProvider","command.view.publish":"Illuminate\\Foundation\\Providers\\PublisherServiceProvider","queue":"Illuminate\\Queue\\QueueServiceProvider","queue.worker":"Illuminate\\Queue\\QueueServiceProvider","queue.listener":"Illuminate\\Queue\\QueueServiceProvider","command.queue.work":"Illuminate\\Queue\\QueueServiceProvider","command.queue.listen":"Illuminate\\Queue\\QueueServiceProvider","command.queue.subscribe":"Illuminate\\Queue\\QueueServiceProvider","redis":"Illuminate\\Redis\\RedisServiceProvider","auth.reminder":"Illuminate\\Auth\\Reminders\\ReminderServiceProvider","auth.reminder.repository":"Illuminate\\Auth\\Reminders\\ReminderServiceProvider","command.auth.reminders":"Illuminate\\Auth\\Reminders\\ReminderServiceProvider","command.routes":"Illuminate\\Foundation\\Providers\\RouteListServiceProvider","seeder":"Illuminate\\Database\\SeedServiceProvider","command.seed":"Illuminate\\Database\\SeedServiceProvider","command.serve":"Illuminate\\Foundation\\Providers\\ServerServiceProvider","command.tinker":"Illuminate\\Foundation\\Providers\\TinkerServiceProvider","translator":"Illuminate\\Translation\\TranslationServiceProvider","translation.loader":"Illuminate\\Translation\\TranslationServiceProvider","validator":"Illuminate\\Validation\\ValidationServiceProvider","validation.presence":"Illuminate\\Validation\\ValidationServiceProvider"}}